order_id,amount,customer_age,quantity,region,membership,channel,category
1,9900.0,44.0,3,부산,vip,WEB,electronics
2,49900.0,29.0,3,경기,VIP,web,food
3,49900.0,27.0,3,대구,vip,APP,fashion
4,29900.0,32.0,3,부산,gold,APP,electronics
5,29900.0,47.0,3,서울,gold,WEB,fashion
6,249900.0,28.0,2,Seoul,silver,app,fashion
7,9900.0,65.0,2,Seoul,silver,web,fashion
8,49900.0,41.0,2,경기,vip,WEB,electronics
9,19900.0,62.0,2,Seoul,basic,APP,food
10,9900.0,52.0,3,대구,basic,app,food
11,29900.0,33.0,2,Seoul,silver,app,electronics
12,249900.0,27.0,2,경기,vip,app,beauty
13,49900.0,55.0,1,서울,vip,app,fashion
14,49900.0,33.0,3,대구,gold,app,electronics
15,49900.0,28.0,2,대구,gold,app,living
16,49900.0,66.0,2,부산,basic,app,food
17,29900.0,41.0,2,Seoul,silver,web,beauty
18,9900.0,17.0,1,서울,basic,WEB,fashion
19,249900.0,,2,부산,vip,web,food
20,29900.0,40.0,3,경기,vip,web,beauty
21,29900.0,62.0,2,대구,silver,web,fashion
22,19900.0,54.0,1,부산,silver,WEB,electronics
23,9900.0,25.0,2,경기,silver,app,fashion
24,249900.0,23.0,1,대구,VIP,app,electronics
25,49900.0,48.0,2,대구,gold,app,living
26,49900.0,17.0,2,경기,vip,web,living
27,29900.0,32.0,1,서울,gold,app,living
28,249900.0,22.0,3,서울,vip,web,food
29,29900.0,16.0,1,경기,gold,WEB,electronics
30,29900.0,65.0,3,경기,silver,web,food
31,29900.0,19.0,3,서울,VIP,app,beauty
32,19900.0,15.0,1,서울,vip,WEB,beauty
33,9900.0,66.0,2,부산,vip,WEB,fashion
34,29900.0,25.0,1,부산,VIP,APP,electronics
35,249900.0,59.0,1,서울,silver,web,living
36,9900.0,16.0,3,경기,basic,app,beauty
37,249900.0,23.0,3,서울,gold,web,fashion
38,249900.0,21.0,1,부산,silver,APP,fashion
39,19900.0,53.0,1,대구,gold,app,living
40,49900.0,49.0,1,대구,silver,APP,beauty
41,9900.0,41.0,2,경기,silver,APP,fashion
42,49900.0,28.0,1,부산,silver,WEB,food
43,49900.0,19.0,1,대구,silver,app,electronics
44,19900.0,46.0,2,부산,vip,WEB,electronics
45,9900.0,27.0,1,경기,gold,app,living
46,249900.0,47.0,3,부산,gold,APP,fashion
47,29900.0,52.0,3,경기,basic,APP,living
48,249900.0,61.0,3,대구,gold,WEB,living
49,49900.0,42.0,1,경기,basic,app,electronics
50,49900.0,15.0,3,대구,silver,WEB,fashion
51,49900.0,30.0,3,서울,gold,app,food
52,9900.0,61.0,1,서울,basic,app,electronics
53,19900.0,44.0,3,서울,silver,app,food
54,29900.0,49.0,2,경기,silver,APP,fashion
55,29900.0,40.0,3,부산,VIP,APP,living
56,9900.0,23.0,2,Seoul,VIP,web,fashion
57,29900.0,,3,서울,basic,WEB,living
58,,57.0,1,대구,vip,WEB,beauty
59,49900.0,69.0,2,부산,vip,web,living
60,49900.0,62.0,1,부산,silver,WEB,electronics
61,249900.0,31.0,1,경기,gold,APP,fashion
62,49900.0,28.0,1,경기,vip,web,fashion
63,19900.0,28.0,2,서울,silver,app,fashion
64,249900.0,65.0,80,서울,basic,WEB,beauty
65,29900.0,45.0,3,대구,silver,app,fashion
66,19900.0,39.0,2,Seoul,silver,WEB,fashion
67,249900.0,68.0,3,부산,silver,app,living
68,19900.0,48.0,3,부산,silver,web,electronics
69,9900.0,65.0,1,Seoul,basic,app,electronics
70,29900.0,69.0,1,Seoul,VIP,APP,electronics
71,49900.0,19.0,2,부산,basic,APP,food
72,9900.0,34.0,2,서울,vip,WEB,food
73,29900.0,55.0,1,경기,vip,web,food
74,,59.0,3,대구,vip,WEB,fashion
75,49900.0,23.0,2,부산,VIP,APP,electronics
76,29900.0,32.0,3,부산,basic,web,living
77,19900.0,45.0,1,서울,silver,WEB,fashion
78,19900.0,58.0,3,서울,basic,app,food
79,29900.0,21.0,1,Seoul,gold,APP,food
80,49900.0,48.0,2,Seoul,vip,APP,beauty
81,249900.0,31.0,2,서울,VIP,web,living
82,29900.0,26.0,3,대구,silver,web,food
83,9900.0,43.0,1,서울,silver,APP,food
84,249900.0,37.0,1,부산,VIP,app,food
85,49900.0,49.0,2,경기,vip,web,electronics
86,49900.0,32.0,2,부산,vip,web,living
87,9900.0,60.0,1,Seoul,gold,WEB,fashion
88,19900.0,19.0,1,Seoul,gold,web,electronics
89,49900.0,62.0,1,부산,silver,web,food
90,249900.0,16.0,2,Seoul,vip,APP,beauty
91,,55.0,2,부산,silver,web,electronics
92,249900.0,34.0,2,서울,VIP,APP,beauty
93,249900.0,36.0,3,서울,basic,APP,fashion
94,19900.0,16.0,1,부산,gold,APP,living
95,249900.0,53.0,3,부산,silver,app,beauty
96,19900.0,24.0,3,서울,vip,WEB,beauty
97,19900.0,51.0,1,대구,vip,APP,food
98,49900.0,54.0,1,서울,VIP,app,fashion
99,49900.0,61.0,1,대구,vip,web,electronics
100,9900.0,53.0,1,부산,silver,app,beauty
101,249900.0,31.0,2,대구,silver,web,beauty
102,9900.0,55.0,1,대구,VIP,web,food
103,249900.0,60.0,1,Seoul,gold,app,electronics
104,9900.0,32.0,2,부산,basic,web,fashion
105,49900.0,21.0,80,Seoul,VIP,web,beauty
106,49900.0,63.0,1,경기,vip,app,food
107,49900.0,23.0,3,Seoul,basic,APP,electronics
108,49900.0,47.0,2,경기,vip,web,fashion
109,29900.0,27.0,3,대구,vip,app,beauty
110,49900.0,,1,경기,vip,web,beauty
111,19900.0,57.0,2,서울,VIP,web,food
112,49900.0,22.0,3,Seoul,gold,web,fashion
113,29900.0,51.0,1,부산,gold,app,living
114,29900.0,53.0,3,경기,vip,APP,fashion
115,29900.0,18.0,2,경기,basic,WEB,electronics
116,29900.0,24.0,2,경기,basic,APP,fashion
117,9900.0,58.0,2,Seoul,VIP,APP,beauty
118,9900.0,42.0,2,경기,silver,WEB,food
119,19900.0,21.0,1,부산,gold,app,beauty
120,9900.0,69.0,3,대구,silver,WEB,fashion
121,29900.0,29.0,2,부산,silver,WEB,fashion
122,49900.0,15.0,3,대구,gold,APP,living
123,49900.0,65.0,2,대구,VIP,WEB,living
124,29900.0,15.0,2,서울,gold,web,beauty
125,249900.0,45.0,2,Seoul,basic,WEB,food
126,29900.0,69.0,3,Seoul,silver,APP,beauty
127,9900.0,46.0,3,서울,basic,web,living
128,49900.0,47.0,3,서울,VIP,web,living
129,29900.0,36.0,2,부산,silver,APP,food
130,49900.0,21.0,3,Seoul,silver,app,food
131,29900.0,46.0,2,서울,basic,app,electronics
132,29900.0,64.0,2,Seoul,gold,app,fashion
133,9900.0,20.0,3,Seoul,VIP,WEB,living
134,29900.0,63.0,1,서울,gold,app,fashion
135,,37.0,3,서울,vip,web,beauty
136,19900.0,44.0,1,부산,basic,app,food
137,49900.0,24.0,2,대구,basic,web,fashion
138,9900.0,,2,경기,vip,APP,electronics
139,19900.0,25.0,2,부산,basic,WEB,living
140,29900.0,30.0,2,대구,gold,WEB,electronics
141,249900.0,54.0,2,대구,silver,APP,electronics
142,19900.0,17.0,2,서울,basic,WEB,beauty
143,19900.0,39.0,2,대구,gold,app,food
144,29900.0,47.0,2,서울,VIP,APP,living
145,249900.0,22.0,3,서울,basic,web,living
146,249900.0,31.0,2,경기,VIP,APP,food
147,9900.0,33.0,2,부산,gold,APP,fashion
148,19900.0,51.0,3,서울,vip,web,beauty
149,249900.0,68.0,3,Seoul,basic,APP,electronics
150,9900.0,60.0,1,Seoul,VIP,APP,living
151,249900.0,25.0,3,Seoul,basic,app,living
152,19900.0,15.0,1,대구,VIP,APP,food
153,249900.0,17.0,1,Seoul,vip,app,beauty
154,19900.0,47.0,3,Seoul,silver,app,living
155,29900.0,23.0,1,서울,basic,web,living
156,49900.0,27.0,3,서울,vip,app,food
157,9900.0,61.0,3,서울,basic,WEB,living
158,29900.0,63.0,3,경기,vip,WEB,electronics
159,29900.0,61.0,3,경기,vip,APP,electronics
160,49900.0,28.0,3,경기,silver,APP,food
161,249900.0,49.0,1,대구,silver,APP,fashion
162,49900.0,48.0,3,경기,silver,app,fashion
163,29900.0,25.0,1,서울,silver,app,fashion
164,29900.0,45.0,1,Seoul,basic,APP,fashion
165,29900.0,43.0,1,Seoul,silver,WEB,living
166,249900.0,36.0,2,대구,vip,app,living
167,19900.0,56.0,3,Seoul,silver,APP,fashion
168,9900.0,52.0,1,서울,vip,app,living
169,19900.0,44.0,3,부산,VIP,app,fashion
170,9900.0,54.0,2,경기,vip,app,fashion
171,9900.0,56.0,2,서울,gold,web,electronics
172,9900.0,46.0,3,부산,silver,app,fashion
173,49900.0,29.0,2,Seoul,VIP,APP,food
174,49900.0,56.0,2,대구,silver,APP,electronics
175,49900.0,54.0,3,대구,gold,WEB,electronics
176,29900.0,69.0,2,Seoul,gold,web,living
177,49900.0,23.0,2,경기,vip,WEB,food
178,9900.0,38.0,1,경기,gold,WEB,fashion
179,249900.0,65.0,1,부산,vip,app,food
180,29900.0,43.0,1,서울,VIP,app,living
181,249900.0,66.0,1,Seoul,silver,app,living
182,9900.0,15.0,1,서울,VIP,APP,beauty
183,29900.0,16.0,3,부산,basic,WEB,living
184,49900.0,58.0,1,서울,VIP,APP,electronics
185,29900.0,34.0,2,경기,basic,APP,living
186,29900.0,43.0,3,부산,VIP,APP,fashion
187,9900.0,38.0,3,대구,silver,web,food
188,19900.0,37.0,2,Seoul,VIP,APP,beauty
189,19900.0,66.0,1,서울,basic,web,electronics
190,19900.0,20.0,3,부산,gold,WEB,beauty
191,49900.0,57.0,1,서울,VIP,WEB,food
192,,63.0,3,서울,basic,APP,living
193,49900.0,51.0,3,대구,silver,app,living
194,19900.0,36.0,1,대구,basic,APP,electronics
195,249900.0,23.0,3,부산,silver,APP,beauty
196,9900.0,52.0,1,대구,silver,APP,food
197,19900.0,40.0,1,서울,vip,APP,living
198,9900.0,23.0,3,서울,silver,web,beauty
199,19900.0,34.0,3,Seoul,basic,web,food
200,249900.0,67.0,1,서울,basic,app,beauty
201,19900.0,29.0,3,대구,VIP,APP,electronics
202,249900.0,24.0,3,서울,VIP,app,fashion
203,29900.0,52.0,3,경기,silver,APP,beauty
204,49900.0,25.0,1,대구,basic,app,living
205,29900.0,65.0,1,부산,basic,WEB,fashion
206,19900.0,62.0,3,Seoul,VIP,app,living
207,49900.0,69.0,3,경기,vip,WEB,beauty
208,249900.0,65.0,3,경기,vip,app,fashion
209,19900.0,28.0,2,부산,silver,app,beauty
210,,26.0,1,경기,vip,APP,fashion
211,19900.0,33.0,3,Seoul,basic,app,fashion
212,49900.0,40.0,1,부산,vip,web,beauty
213,49900.0,63.0,2,대구,gold,app,living
214,29900.0,55.0,3,경기,silver,WEB,living
215,49900.0,50.0,2,서울,vip,web,living
216,19900.0,63.0,1,경기,vip,app,beauty
217,9900.0,999.0,1,대구,gold,APP,fashion
218,9900.0,999.0,2,대구,basic,APP,food
219,29900.0,37.0,3,경기,basic,app,food
220,249900.0,999.0,2,서울,VIP,web,living
221,9900.0,19.0,3,경기,silver,web,food
222,29900.0,55.0,1,대구,silver,app,living
223,49900.0,50.0,3,대구,vip,WEB,electronics
224,19900.0,55.0,3,서울,silver,web,beauty
225,49900.0,44.0,2,Seoul,silver,WEB,food
226,19900.0,58.0,3,경기,vip,APP,fashion
227,249900.0,67.0,2,서울,gold,web,fashion
228,29900.0,46.0,2,대구,vip,app,electronics
229,29900.0,39.0,3,서울,basic,web,living
230,,20.0,3,부산,gold,WEB,beauty
231,29900.0,57.0,3,대구,gold,APP,electronics
232,249900.0,64.0,1,부산,vip,app,beauty
233,9900.0,53.0,3,부산,basic,app,electronics
234,49900.0,62.0,1,Seoul,basic,APP,food
235,29900.0,62.0,2,대구,vip,web,electronics
236,49900.0,58.0,2,경기,vip,app,electronics
237,49900.0,42.0,2,서울,VIP,web,electronics
238,29900.0,20.0,3,Seoul,silver,APP,electronics
239,19900.0,15.0,3,Seoul,VIP,APP,fashion
240,49900.0,26.0,1,경기,silver,app,electronics
241,9900.0,38.0,1,Seoul,vip,web,beauty
242,29900.0,55.0,1,경기,basic,app,beauty
243,9900.0,40.0,3,경기,VIP,WEB,fashion
244,49900.0,16.0,2,Seoul,silver,web,living
245,49900.0,,3,부산,VIP,web,fashion
246,9900.0,68.0,3,Seoul,silver,web,fashion
247,49900.0,69.0,3,부산,vip,WEB,living
248,29900.0,35.0,1,Seoul,gold,web,living
249,49900.0,59.0,1,대구,basic,APP,electronics
250,9900.0,54.0,2,Seoul,basic,WEB,food
251,9900.0,66.0,2,서울,vip,APP,fashion
252,29900.0,63.0,3,서울,basic,app,fashion
253,9900.0,49.0,1,대구,silver,web,beauty
254,19900.0,36.0,2,대구,gold,web,living
255,49900.0,49.0,1,Seoul,silver,web,living
256,9900.0,32.0,1,부산,basic,WEB,beauty
257,49900.0,34.0,1,경기,vip,web,electronics
258,9900.0,48.0,1,서울,vip,web,food
259,9900.0,46.0,2,경기,vip,WEB,food
260,29900.0,46.0,2,부산,VIP,app,beauty
261,49900.0,36.0,2,대구,basic,app,beauty
262,9900.0,37.0,2,대구,gold,APP,beauty
263,19900.0,15.0,3,서울,silver,APP,food
264,249900.0,48.0,3,Seoul,VIP,WEB,electronics
265,249900.0,46.0,2,경기,gold,app,fashion
266,29900.0,66.0,2,서울,basic,APP,beauty
267,29900.0,42.0,3,경기,vip,WEB,electronics
268,19900.0,40.0,3,서울,basic,app,beauty
269,49900.0,18.0,1,서울,silver,app,fashion
270,29900.0,25.0,3,서울,vip,WEB,fashion
271,19900.0,33.0,1,Seoul,gold,web,living
272,9900.0,35.0,2,부산,vip,web,food
273,9900.0,34.0,2,서울,gold,APP,living
274,249900.0,36.0,2,대구,VIP,WEB,beauty
275,29900.0,57.0,1,Seoul,gold,web,food
276,29900.0,,3,서울,basic,WEB,fashion
277,29900.0,33.0,1,Seoul,basic,WEB,food
278,49900.0,23.0,1,부산,vip,WEB,food
279,9900.0,31.0,3,서울,basic,app,living
280,9900.0,52.0,3,서울,silver,app,beauty
281,19900.0,17.0,1,대구,basic,APP,electronics
282,29900.0,33.0,3,경기,silver,web,beauty
283,49900.0,16.0,3,Seoul,gold,WEB,food
284,29900.0,67.0,1,부산,basic,APP,food
285,29900.0,54.0,2,대구,gold,app,food
286,249900.0,28.0,2,Seoul,VIP,APP,electronics
287,,25.0,1,경기,basic,APP,electronics
288,29900.0,20.0,1,서울,basic,APP,food
289,29900.0,41.0,1,Seoul,silver,WEB,beauty
290,29900.0,56.0,1,경기,VIP,WEB,beauty
291,249900.0,47.0,2,서울,gold,WEB,electronics
292,19900.0,63.0,2,대구,vip,APP,living
293,249900.0,33.0,1,대구,basic,APP,fashion
294,19900.0,30.0,1,Seoul,vip,app,living
295,29900.0,41.0,1,Seoul,basic,web,food
296,29900.0,26.0,3,서울,vip,app,beauty
297,249900.0,68.0,1,경기,basic,WEB,fashion
298,29900.0,25.0,3,서울,VIP,web,beauty
299,19900.0,41.0,2,Seoul,silver,APP,living
300,9900.0,43.0,3,경기,basic,web,electronics
301,19900.0,18.0,2,부산,silver,app,beauty
302,249900.0,40.0,1,경기,basic,web,living
303,9900.0,40.0,2,Seoul,basic,APP,electronics
304,249900.0,29.0,1,부산,gold,WEB,living
305,29900.0,22.0,1,부산,silver,WEB,electronics
306,9900.0,17.0,1,부산,silver,APP,food
307,19900.0,15.0,1,경기,VIP,web,fashion
308,29900.0,41.0,1,대구,basic,APP,food
309,19900.0,19.0,1,Seoul,silver,web,fashion
310,9900.0,67.0,3,대구,basic,app,electronics
311,49900.0,28.0,2,Seoul,gold,APP,fashion
312,49900.0,50.0,2,Seoul,silver,APP,living
313,9900.0,52.0,3,경기,basic,web,electronics
314,19900.0,42.0,1,경기,basic,WEB,living
315,19900.0,63.0,2,부산,VIP,app,food
316,49900.0,21.0,3,Seoul,basic,WEB,food
317,49900.0,27.0,2,대구,vip,APP,living
318,49900.0,28.0,2,Seoul,VIP,APP,electronics
319,249900.0,22.0,1,경기,gold,APP,electronics
320,49900.0,31.0,1,대구,silver,WEB,food
321,19900.0,32.0,1,경기,vip,web,beauty
322,9900.0,57.0,1,부산,VIP,APP,fashion
323,49900.0,31.0,3,대구,basic,web,living
324,249900.0,63.0,2,대구,VIP,app,living
325,249900.0,57.0,2,경기,VIP,WEB,electronics
326,19900.0,64.0,3,경기,basic,WEB,electronics
327,19900.0,20.0,1,서울,basic,app,food
328,9900.0,69.0,1,경기,vip,app,food
329,9900.0,48.0,2,대구,basic,APP,electronics
330,29900.0,69.0,3,경기,vip,app,electronics
331,29900.0,34.0,2,Seoul,basic,web,food
332,19900.0,67.0,3,서울,vip,app,electronics
333,19900.0,47.0,1,Seoul,silver,app,fashion
334,249900.0,18.0,3,Seoul,basic,APP,living
335,29900.0,37.0,1,대구,basic,WEB,living
336,249900.0,22.0,1,경기,basic,APP,beauty
337,249900.0,66.0,2,서울,gold,app,beauty
338,19900.0,31.0,1,서울,basic,APP,living
339,19900.0,27.0,3,대구,VIP,WEB,fashion
340,249900.0,45.0,3,대구,vip,app,beauty
341,49900.0,38.0,2,부산,silver,app,fashion
342,19900.0,20.0,1,서울,VIP,web,food
343,49900.0,59.0,1,서울,vip,WEB,electronics
344,29900.0,61.0,2,서울,vip,WEB,beauty
345,249900.0,55.0,2,부산,basic,web,living
346,19900.0,48.0,3,부산,vip,app,food
347,249900.0,37.0,2,대구,gold,app,living
348,249900.0,44.0,1,서울,VIP,WEB,beauty
349,9900.0,43.0,1,서울,gold,web,food
350,9900.0,24.0,3,대구,vip,web,fashion
351,29900.0,19.0,1,대구,silver,app,fashion
352,9900.0,28.0,80,부산,basic,APP,food
353,19900.0,39.0,1,서울,basic,web,food
354,29900.0,23.0,3,서울,VIP,APP,food
355,249900.0,20.0,3,서울,vip,APP,electronics
356,249900.0,61.0,2,부산,silver,WEB,food
357,9900.0,,1,대구,vip,web,fashion
358,249900.0,47.0,3,부산,basic,web,food
359,9900.0,43.0,1,Seoul,basic,web,fashion
360,49900.0,55.0,2,부산,gold,WEB,living
361,249900.0,55.0,3,서울,vip,APP,fashion
362,249900.0,31.0,3,대구,VIP,APP,living
363,19900.0,61.0,1,대구,vip,WEB,living
364,249900.0,35.0,3,부산,silver,APP,food
365,9900.0,60.0,1,대구,VIP,web,beauty
366,29900.0,37.0,3,경기,gold,APP,fashion
367,29900.0,21.0,2,경기,VIP,APP,beauty
368,19900.0,56.0,1,Seoul,basic,web,fashion
369,9900.0,16.0,2,대구,basic,APP,fashion
370,49900.0,57.0,1,부산,basic,app,living
371,19900.0,17.0,3,서울,VIP,web,beauty
372,49900.0,26.0,1,대구,basic,app,beauty
373,29900.0,48.0,1,서울,VIP,app,food
374,19900.0,66.0,2,경기,vip,app,beauty
375,249900.0,37.0,3,서울,basic,app,beauty
376,9900.0,21.0,2,부산,VIP,APP,electronics
377,49900.0,27.0,2,경기,basic,app,electronics
378,,999.0,2,경기,basic,app,living
379,19900.0,54.0,3,부산,gold,WEB,fashion
380,19900.0,20.0,2,부산,silver,web,fashion
381,9900.0,36.0,3,Seoul,silver,app,food
382,,29.0,3,대구,basic,web,electronics
383,249900.0,24.0,3,경기,vip,WEB,fashion
384,19900.0,61.0,3,서울,basic,web,beauty
385,9900.0,48.0,3,서울,silver,WEB,electronics
386,9900.0,24.0,1,Seoul,gold,web,fashion
387,9900.0,50.0,3,부산,gold,app,fashion
388,249900.0,,3,경기,vip,APP,living
389,249900.0,18.0,1,Seoul,silver,WEB,electronics
390,9900.0,39.0,3,경기,vip,web,beauty
391,49900.0,25.0,1,대구,vip,web,beauty
392,9900.0,28.0,2,경기,silver,WEB,fashion
393,19900.0,999.0,3,서울,silver,app,electronics
394,29900.0,54.0,1,서울,gold,web,electronics
395,49900.0,22.0,2,경기,gold,APP,food
396,249900.0,61.0,3,경기,basic,web,electronics
397,9900.0,46.0,2,대구,gold,WEB,beauty
398,9900.0,63.0,3,경기,basic,WEB,electronics
399,19900.0,56.0,1,부산,gold,WEB,living
400,19900.0,33.0,3,경기,VIP,app,fashion
401,249900.0,44.0,3,Seoul,gold,web,electronics
402,49900.0,44.0,3,부산,vip,app,living
403,19900.0,54.0,1,부산,silver,app,living
404,249900.0,28.0,3,부산,VIP,WEB,electronics
405,29900.0,33.0,2,서울,VIP,APP,fashion
406,29900.0,28.0,2,부산,VIP,WEB,beauty
407,29900.0,31.0,2,Seoul,vip,WEB,living
408,9900.0,23.0,2,부산,vip,APP,beauty
409,249900.0,17.0,2,부산,gold,web,beauty
410,9900.0,66.0,2,부산,VIP,web,food
411,9900.0,19.0,1,대구,VIP,web,living
412,19900.0,63.0,3,경기,gold,APP,beauty
413,19900.0,15.0,80,서울,basic,web,living
414,9900.0,57.0,1,부산,basic,WEB,food
415,9900.0,33.0,2,부산,silver,web,electronics
416,49900.0,,2,서울,basic,WEB,electronics
417,249900.0,30.0,2,서울,silver,APP,electronics
418,9900.0,41.0,3,Seoul,basic,web,food
419,19900.0,39.0,1,대구,VIP,web,food
420,29900.0,44.0,1,경기,basic,app,beauty
421,249900.0,36.0,2,대구,vip,app,electronics
422,49900.0,44.0,3,대구,silver,app,fashion
423,49900.0,60.0,2,경기,basic,APP,electronics
424,29900.0,38.0,2,부산,vip,web,beauty
425,29900.0,34.0,2,Seoul,VIP,web,beauty
426,9900.0,22.0,3,서울,vip,APP,fashion
427,249900.0,34.0,2,Seoul,VIP,WEB,electronics
428,249900.0,21.0,3,경기,gold,app,living
429,9900.0,25.0,3,서울,vip,WEB,electronics
430,49900.0,67.0,1,Seoul,basic,app,electronics
431,9900.0,19.0,1,서울,VIP,app,food
432,49900.0,41.0,3,부산,vip,web,food
433,249900.0,60.0,1,대구,silver,app,living
434,9900.0,67.0,2,대구,silver,app,beauty
435,29900.0,23.0,1,Seoul,vip,APP,electronics
436,9900.0,23.0,2,경기,basic,web,electronics
437,29900.0,35.0,1,대구,VIP,web,food
438,249900.0,45.0,2,경기,silver,app,electronics
439,9900.0,67.0,3,Seoul,basic,web,beauty
440,19900.0,26.0,3,Seoul,silver,web,food
441,249900.0,,3,부산,VIP,APP,electronics
442,19900.0,28.0,1,경기,silver,WEB,electronics
443,9900.0,63.0,2,대구,gold,APP,food
444,29900.0,16.0,1,대구,VIP,web,electronics
445,29900.0,35.0,3,서울,basic,WEB,fashion
446,49900.0,21.0,3,부산,vip,APP,beauty
447,19900.0,23.0,80,Seoul,silver,APP,living
448,249900.0,65.0,2,경기,vip,web,fashion
449,29900.0,15.0,2,Seoul,basic,APP,fashion
450,19900.0,32.0,2,Seoul,basic,web,food
451,249900.0,65.0,2,Seoul,vip,APP,fashion
452,249900.0,48.0,1,서울,VIP,web,beauty
453,29900.0,18.0,2,부산,VIP,WEB,fashion
454,9900.0,40.0,2,서울,vip,web,living
455,29900.0,68.0,3,Seoul,gold,APP,beauty
456,29900.0,37.0,3,서울,basic,web,beauty
457,9900.0,44.0,3,서울,silver,APP,food
458,49900.0,44.0,1,Seoul,vip,app,fashion
459,249900.0,51.0,3,대구,silver,WEB,fashion
460,9900.0,25.0,2,대구,gold,APP,electronics
461,49900.0,61.0,2,Seoul,basic,app,food
462,9900.0,69.0,3,경기,gold,web,beauty
463,49900.0,22.0,3,대구,silver,APP,electronics
464,29900.0,60.0,1,Seoul,basic,app,living
465,9900.0,59.0,2,대구,basic,web,food
466,249900.0,55.0,3,서울,gold,APP,beauty
467,9900.0,35.0,2,Seoul,silver,web,fashion
468,29900.0,40.0,1,Seoul,basic,web,beauty
469,9900.0,,2,서울,gold,web,living
470,249900.0,23.0,3,대구,basic,app,living
471,49900.0,60.0,1,대구,basic,web,beauty
472,249900.0,65.0,3,Seoul,basic,web,fashion
473,29900.0,52.0,3,대구,gold,app,fashion
474,29900.0,33.0,3,부산,VIP,web,fashion
475,49900.0,45.0,1,대구,silver,web,food
476,49900.0,17.0,1,대구,silver,app,food
477,249900.0,66.0,2,경기,silver,web,beauty
478,9900.0,33.0,2,서울,silver,WEB,food
479,49900.0,18.0,2,대구,vip,app,beauty
480,9900.0,58.0,3,부산,silver,WEB,fashion
481,19900.0,51.0,3,대구,vip,WEB,electronics
482,249900.0,49.0,1,대구,VIP,WEB,beauty
483,19900.0,17.0,3,서울,VIP,APP,food
484,49900.0,56.0,1,경기,gold,app,beauty
485,29900.0,50.0,2,서울,vip,APP,electronics
486,19900.0,58.0,1,서울,VIP,web,fashion
487,19900.0,60.0,2,대구,vip,WEB,beauty
488,29900.0,26.0,3,대구,silver,app,beauty
489,,26.0,2,대구,basic,web,electronics
490,49900.0,65.0,3,대구,basic,web,food
491,249900.0,44.0,1,부산,VIP,web,beauty
492,249900.0,39.0,2,경기,gold,web,food
493,49900.0,30.0,2,대구,silver,APP,electronics
494,49900.0,50.0,3,경기,silver,web,electronics
495,19900.0,56.0,3,부산,silver,WEB,electronics
496,29900.0,15.0,2,Seoul,VIP,app,fashion
497,9900.0,45.0,1,부산,vip,APP,beauty
498,19900.0,69.0,2,대구,VIP,app,living
499,249900.0,30.0,1,부산,silver,web,living
500,29900.0,,2,경기,gold,web,food
501,9900.0,63.0,1,서울,basic,APP,living
502,49900.0,18.0,2,서울,VIP,APP,food
503,249900.0,36.0,1,부산,gold,app,beauty
504,249900.0,40.0,1,부산,gold,app,electronics
505,19900.0,58.0,1,부산,gold,WEB,food
506,29900.0,22.0,3,대구,silver,WEB,beauty
507,29900.0,38.0,80,경기,VIP,app,food
508,19900.0,23.0,3,대구,gold,web,electronics
509,19900.0,58.0,1,부산,vip,app,living
510,19900.0,49.0,2,Seoul,basic,APP,living
511,249900.0,42.0,3,대구,silver,APP,beauty
512,49900.0,36.0,2,서울,VIP,web,electronics
513,249900.0,23.0,1,경기,basic,web,electronics
514,249900.0,65.0,1,대구,basic,app,electronics
515,249900.0,999.0,1,부산,VIP,WEB,fashion
516,9900.0,32.0,3,대구,silver,web,living
517,249900.0,37.0,1,서울,silver,app,electronics
518,,54.0,3,경기,gold,web,food
519,29900.0,54.0,3,부산,basic,web,living
520,29900.0,40.0,3,부산,basic,APP,living
521,19900.0,31.0,3,대구,basic,app,beauty
522,9900.0,51.0,1,경기,basic,app,electronics
523,9900.0,51.0,3,부산,basic,WEB,living
524,249900.0,47.0,1,경기,vip,web,electronics
525,19900.0,19.0,1,대구,silver,web,electronics
526,19900.0,41.0,1,서울,basic,WEB,living
527,249900.0,48.0,1,Seoul,basic,APP,living
528,9900.0,67.0,1,서울,gold,web,electronics
529,249900.0,43.0,1,부산,VIP,app,food
530,249900.0,33.0,1,Seoul,silver,APP,electronics
531,29900.0,45.0,2,Seoul,basic,app,fashion
532,9900.0,24.0,1,대구,silver,APP,beauty
533,9900.0,19.0,1,Seoul,gold,APP,electronics
534,19900.0,52.0,3,서울,basic,app,fashion
535,29900.0,69.0,1,서울,VIP,WEB,food
536,9900.0,61.0,1,Seoul,vip,app,electronics
537,29900.0,,1,대구,silver,WEB,fashion
538,9900.0,17.0,1,경기,VIP,web,beauty
539,29900.0,69.0,2,대구,silver,app,electronics
540,9900.0,39.0,3,Seoul,basic,APP,fashion
541,49900.0,30.0,3,Seoul,VIP,WEB,food
542,9900.0,64.0,2,서울,VIP,web,fashion
543,9900.0,56.0,1,Seoul,silver,WEB,beauty
544,9900.0,56.0,3,경기,gold,web,beauty
545,249900.0,30.0,1,대구,basic,app,fashion
546,9900.0,69.0,2,Seoul,vip,app,food
547,29900.0,39.0,2,부산,vip,app,food
548,,44.0,3,부산,vip,WEB,electronics
549,29900.0,56.0,1,Seoul,gold,APP,living
550,49900.0,51.0,2,대구,vip,WEB,food
551,249900.0,24.0,2,경기,gold,app,fashion
552,19900.0,31.0,2,서울,VIP,WEB,food
553,249900.0,34.0,3,대구,basic,app,electronics
554,19900.0,67.0,3,대구,gold,APP,electronics
555,249900.0,54.0,2,서울,gold,APP,electronics
556,29900.0,35.0,2,대구,gold,APP,food
557,49900.0,55.0,3,대구,basic,APP,fashion
558,249900.0,55.0,2,대구,silver,app,beauty
559,49900.0,36.0,1,Seoul,VIP,APP,fashion
560,249900.0,37.0,2,부산,basic,WEB,fashion
561,29900.0,64.0,1,경기,vip,app,electronics
562,9900.0,45.0,1,부산,vip,APP,beauty
563,29900.0,23.0,2,부산,gold,web,fashion
564,9900.0,54.0,3,부산,basic,app,living
565,249900.0,47.0,80,경기,basic,WEB,living
566,19900.0,42.0,1,부산,silver,APP,living
567,19900.0,54.0,2,경기,basic,web,beauty
568,19900.0,64.0,1,서울,basic,APP,electronics
569,,33.0,3,서울,basic,WEB,beauty
570,29900.0,38.0,1,대구,basic,web,living
571,249900.0,25.0,3,대구,VIP,web,living
572,29900.0,50.0,3,경기,vip,app,living
573,19900.0,37.0,3,서울,basic,APP,food
574,9900.0,33.0,1,부산,vip,app,beauty
575,9900.0,53.0,3,서울,basic,WEB,fashion
576,19900.0,37.0,3,Seoul,gold,WEB,fashion
577,249900.0,40.0,2,Seoul,basic,APP,beauty
578,29900.0,39.0,3,서울,basic,app,food
579,249900.0,29.0,3,대구,basic,web,food
580,9900.0,21.0,1,경기,gold,WEB,fashion
581,9900.0,60.0,3,Seoul,gold,WEB,electronics
582,249900.0,20.0,3,경기,silver,app,electronics
583,9900.0,32.0,1,서울,vip,APP,living
584,9900.0,51.0,1,경기,vip,WEB,food
585,29900.0,22.0,3,경기,vip,APP,fashion
586,249900.0,51.0,1,Seoul,gold,web,beauty
587,49900.0,55.0,2,대구,gold,APP,living
588,9900.0,51.0,3,Seoul,gold,WEB,living
589,249900.0,31.0,2,서울,silver,WEB,electronics
590,249900.0,16.0,3,경기,gold,app,beauty
591,249900.0,63.0,1,대구,basic,APP,beauty
592,249900.0,32.0,1,Seoul,VIP,app,food
593,19900.0,59.0,3,서울,silver,APP,living
594,,25.0,2,대구,vip,web,food
595,19900.0,23.0,1,경기,VIP,app,electronics
596,249900.0,57.0,1,서울,gold,app,electronics
597,29900.0,66.0,2,부산,VIP,app,fashion
598,49900.0,62.0,2,Seoul,gold,app,living
599,49900.0,56.0,1,대구,basic,web,electronics
600,49900.0,28.0,2,Seoul,basic,APP,fashion
601,49900.0,65.0,2,경기,basic,app,electronics
602,49900.0,51.0,2,경기,VIP,WEB,electronics
603,49900.0,24.0,1,Seoul,gold,web,food
604,9900.0,22.0,2,경기,silver,APP,beauty
605,249900.0,62.0,3,서울,gold,web,electronics
606,29900.0,30.0,1,부산,silver,APP,food
607,19900.0,57.0,1,부산,VIP,app,beauty
608,29900.0,22.0,3,대구,VIP,app,electronics
609,249900.0,30.0,2,Seoul,basic,APP,electronics
610,249900.0,30.0,3,Seoul,vip,WEB,living
611,249900.0,30.0,2,경기,silver,app,living
612,29900.0,52.0,3,부산,basic,WEB,fashion
613,49900.0,65.0,2,대구,VIP,web,food
614,19900.0,65.0,1,서울,basic,app,electronics
615,49900.0,55.0,3,Seoul,silver,app,fashion
616,49900.0,26.0,2,Seoul,basic,WEB,electronics
617,19900.0,67.0,1,Seoul,gold,web,electronics
618,19900.0,44.0,2,경기,gold,app,electronics
619,9900.0,45.0,2,대구,silver,app,electronics
620,9900.0,53.0,1,서울,basic,WEB,electronics
621,29900.0,57.0,3,대구,basic,app,food
622,29900.0,67.0,1,부산,VIP,WEB,electronics
623,,47.0,1,부산,VIP,APP,beauty
624,29900.0,48.0,2,부산,VIP,APP,fashion
625,49900.0,56.0,3,서울,gold,WEB,living
626,19900.0,29.0,3,부산,gold,web,electronics
627,19900.0,31.0,3,Seoul,vip,app,beauty
628,19900.0,49.0,1,경기,vip,APP,living
629,,18.0,3,부산,gold,web,fashion
630,19900.0,32.0,3,부산,silver,web,electronics
631,49900.0,54.0,2,Seoul,gold,web,food
632,19900.0,68.0,2,Seoul,basic,WEB,food
633,29900.0,43.0,1,경기,basic,APP,beauty
634,19900.0,36.0,3,서울,vip,app,beauty
635,9900.0,39.0,3,부산,VIP,APP,fashion
636,49900.0,52.0,2,서울,basic,APP,electronics
637,19900.0,44.0,2,경기,basic,WEB,living
638,19900.0,16.0,2,부산,basic,WEB,electronics
639,49900.0,44.0,1,서울,vip,WEB,living
640,249900.0,37.0,2,대구,silver,web,electronics
641,49900.0,53.0,3,Seoul,silver,WEB,beauty
642,249900.0,63.0,3,서울,basic,app,fashion
643,249900.0,67.0,3,부산,VIP,app,electronics
644,29900.0,48.0,2,경기,gold,APP,beauty
645,49900.0,34.0,3,부산,vip,APP,electronics
646,19900.0,39.0,2,부산,vip,app,fashion
647,29900.0,24.0,2,경기,basic,WEB,beauty
648,29900.0,66.0,2,대구,VIP,web,fashion
649,249900.0,61.0,3,Seoul,gold,web,living
650,249900.0,61.0,3,경기,vip,web,electronics
651,,33.0,1,서울,silver,WEB,beauty
652,49900.0,32.0,1,부산,VIP,app,electronics
653,19900.0,62.0,2,Seoul,VIP,app,living
654,249900.0,44.0,2,부산,gold,APP,food
655,29900.0,999.0,3,대구,basic,app,living
656,29900.0,41.0,2,대구,VIP,APP,electronics
657,49900.0,39.0,2,대구,VIP,web,living
658,49900.0,49.0,3,서울,gold,web,fashion
659,9900.0,59.0,2,서울,gold,WEB,fashion
660,19900.0,33.0,2,대구,silver,app,living
661,9900.0,59.0,2,Seoul,basic,web,food
662,49900.0,28.0,2,서울,VIP,app,electronics
663,9900.0,37.0,3,Seoul,gold,app,food
664,19900.0,65.0,3,대구,silver,app,beauty
665,29900.0,67.0,2,Seoul,vip,app,food
666,49900.0,65.0,2,서울,basic,APP,fashion
667,29900.0,32.0,2,부산,basic,web,fashion
668,249900.0,61.0,1,서울,silver,app,fashion
669,249900.0,66.0,2,Seoul,gold,app,food
670,9900.0,68.0,1,서울,silver,APP,beauty
671,249900.0,16.0,1,부산,basic,WEB,fashion
672,49900.0,55.0,1,경기,silver,WEB,living
673,49900.0,69.0,2,대구,silver,app,living
674,9900.0,57.0,1,Seoul,gold,APP,food
675,49900.0,27.0,2,Seoul,gold,web,electronics
676,49900.0,56.0,2,서울,VIP,APP,food
677,29900.0,20.0,2,Seoul,VIP,web,living
678,9900.0,41.0,3,경기,silver,web,food
679,29900.0,49.0,2,서울,VIP,APP,living
680,249900.0,40.0,3,경기,gold,web,food
681,49900.0,53.0,3,대구,basic,app,food
682,9900.0,28.0,1,부산,silver,web,living
683,249900.0,48.0,1,부산,vip,APP,electronics
684,249900.0,50.0,2,대구,VIP,WEB,electronics
685,9900.0,49.0,3,부산,silver,APP,fashion
686,249900.0,30.0,1,부산,basic,WEB,beauty
687,29900.0,31.0,1,대구,basic,app,fashion
688,29900.0,29.0,3,서울,basic,web,electronics
689,29900.0,40.0,3,대구,vip,web,beauty
690,49900.0,47.0,1,Seoul,gold,web,beauty
691,249900.0,34.0,2,부산,gold,web,food
692,49900.0,37.0,2,대구,vip,app,beauty
693,249900.0,30.0,1,경기,VIP,web,electronics
694,249900.0,27.0,1,서울,vip,APP,food
695,9900.0,51.0,2,Seoul,basic,web,food
696,19900.0,59.0,2,경기,gold,APP,fashion
697,49900.0,30.0,1,대구,VIP,app,electronics
698,29900.0,62.0,2,대구,vip,APP,food
699,,46.0,1,경기,silver,APP,fashion
700,9900.0,24.0,3,대구,silver,WEB,fashion
701,29900.0,35.0,1,경기,VIP,app,food
702,49900.0,15.0,1,경기,basic,app,beauty
703,9900.0,17.0,1,대구,gold,APP,beauty
704,9900.0,33.0,3,부산,basic,APP,fashion
705,9900.0,39.0,3,경기,VIP,app,food
706,29900.0,58.0,2,경기,basic,APP,living
707,9900.0,22.0,1,부산,basic,app,beauty
708,29900.0,61.0,3,부산,silver,app,food
709,,27.0,2,경기,silver,app,living
710,29900.0,22.0,3,서울,gold,WEB,food
711,49900.0,53.0,2,서울,silver,APP,food
712,29900.0,57.0,3,서울,silver,web,living
713,49900.0,48.0,3,경기,gold,WEB,electronics
714,49900.0,21.0,1,부산,gold,APP,electronics
715,249900.0,21.0,3,대구,VIP,web,fashion
716,49900.0,36.0,1,Seoul,gold,APP,fashion
717,29900.0,39.0,2,부산,gold,APP,fashion
718,29900.0,69.0,1,부산,vip,WEB,food
719,19900.0,30.0,3,서울,basic,app,electronics
720,29900.0,25.0,1,Seoul,vip,APP,beauty
721,9900.0,67.0,2,Seoul,VIP,app,living
722,249900.0,23.0,2,대구,silver,app,electronics
723,249900.0,16.0,3,대구,basic,APP,food
724,9900.0,38.0,3,대구,silver,WEB,living
725,49900.0,37.0,1,경기,silver,WEB,beauty
726,9900.0,49.0,3,경기,gold,WEB,beauty
727,49900.0,63.0,1,Seoul,VIP,APP,living
728,9900.0,66.0,2,부산,gold,APP,fashion
729,29900.0,30.0,2,서울,basic,app,living
730,49900.0,68.0,2,Seoul,silver,WEB,fashion
731,49900.0,49.0,3,서울,vip,app,living
732,29900.0,18.0,3,경기,silver,app,food
733,249900.0,66.0,2,Seoul,gold,WEB,electronics
734,,22.0,3,서울,vip,APP,beauty
735,19900.0,47.0,1,Seoul,silver,app,beauty
736,49900.0,58.0,1,대구,vip,WEB,beauty
737,49900.0,28.0,2,경기,silver,WEB,beauty
738,19900.0,29.0,2,대구,basic,app,electronics
739,49900.0,41.0,3,대구,silver,APP,living
740,249900.0,63.0,3,대구,gold,app,fashion
741,249900.0,27.0,1,Seoul,basic,APP,beauty
742,49900.0,51.0,1,대구,VIP,WEB,electronics
743,49900.0,39.0,3,대구,gold,APP,electronics
744,19900.0,21.0,2,대구,basic,WEB,beauty
745,49900.0,54.0,1,Seoul,VIP,APP,electronics
746,19900.0,60.0,3,Seoul,VIP,WEB,fashion
747,29900.0,46.0,2,경기,basic,app,beauty
748,19900.0,24.0,3,대구,basic,app,electronics
749,19900.0,23.0,3,대구,silver,app,fashion
750,9900.0,38.0,3,경기,gold,WEB,electronics
751,249900.0,42.0,2,서울,vip,APP,beauty
752,9900.0,45.0,3,경기,gold,web,electronics
753,9900.0,28.0,3,부산,vip,web,fashion
754,249900.0,42.0,1,경기,basic,APP,beauty
755,29900.0,31.0,1,Seoul,vip,WEB,electronics
756,29900.0,52.0,1,Seoul,VIP,app,fashion
757,49900.0,58.0,2,서울,gold,APP,beauty
758,19900.0,50.0,2,Seoul,gold,WEB,beauty
759,9900.0,15.0,1,부산,silver,APP,living
760,49900.0,69.0,2,Seoul,VIP,WEB,beauty
761,9900.0,16.0,1,대구,basic,APP,electronics
762,29900.0,69.0,2,서울,silver,APP,food
763,249900.0,16.0,2,경기,basic,WEB,living
764,249900.0,43.0,2,경기,VIP,APP,electronics
765,19900.0,20.0,2,대구,gold,web,fashion
766,49900.0,20.0,2,대구,VIP,app,fashion
767,,52.0,3,경기,vip,web,beauty
768,29900.0,55.0,3,부산,gold,APP,beauty
769,9900.0,21.0,3,부산,gold,web,fashion
770,19900.0,68.0,2,경기,silver,APP,living
771,49900.0,32.0,2,서울,gold,app,food
772,249900.0,32.0,1,경기,vip,web,living
773,9900.0,31.0,2,Seoul,VIP,web,living
774,49900.0,40.0,1,경기,gold,APP,food
775,249900.0,24.0,2,부산,VIP,web,food
776,249900.0,38.0,1,Seoul,VIP,WEB,fashion
777,29900.0,26.0,2,Seoul,gold,WEB,living
778,9900.0,17.0,3,대구,gold,APP,beauty
779,19900.0,35.0,3,Seoul,basic,web,fashion
780,249900.0,51.0,2,서울,silver,WEB,living
781,249900.0,56.0,1,부산,VIP,APP,beauty
782,49900.0,34.0,1,부산,basic,app,beauty
783,9900.0,32.0,1,대구,silver,web,living
784,9900.0,58.0,3,부산,vip,APP,beauty
785,29900.0,52.0,3,대구,silver,WEB,electronics
786,29900.0,60.0,2,경기,VIP,web,electronics
787,9900.0,,1,Seoul,vip,web,electronics
788,49900.0,60.0,1,대구,basic,app,beauty
789,29900.0,66.0,3,Seoul,silver,APP,fashion
790,9900.0,37.0,1,Seoul,vip,app,fashion
791,9900.0,36.0,1,대구,VIP,app,beauty
792,29900.0,32.0,1,대구,VIP,app,electronics
793,49900.0,27.0,1,Seoul,VIP,web,food
794,249900.0,999.0,2,부산,basic,web,beauty
795,29900.0,54.0,3,대구,vip,web,living
796,19900.0,59.0,1,부산,basic,APP,electronics
797,249900.0,24.0,3,서울,basic,WEB,fashion
798,29900.0,42.0,1,부산,vip,app,living
799,19900.0,27.0,1,서울,gold,web,fashion
800,29900.0,64.0,1,대구,vip,app,fashion
801,9900.0,29.0,3,서울,VIP,WEB,fashion
802,19900.0,22.0,2,대구,basic,web,electronics
803,29900.0,46.0,3,서울,gold,app,fashion
804,249900.0,63.0,1,경기,VIP,APP,beauty
805,49900.0,65.0,1,Seoul,gold,app,living
806,49900.0,20.0,3,대구,gold,app,food
807,29900.0,32.0,1,Seoul,gold,app,living
808,9900.0,23.0,1,부산,VIP,app,living
809,19900.0,31.0,2,서울,basic,APP,food
810,249900.0,44.0,2,경기,VIP,APP,fashion
811,9900.0,30.0,1,대구,VIP,web,living
812,249900.0,18.0,2,대구,VIP,web,electronics
813,49900.0,43.0,3,Seoul,gold,app,beauty
814,19900.0,17.0,2,Seoul,gold,WEB,living
815,49900.0,27.0,2,경기,silver,web,electronics
816,249900.0,15.0,1,경기,silver,web,food
817,9900.0,19.0,2,경기,VIP,APP,beauty
818,9900.0,38.0,3,서울,gold,app,fashion
819,49900.0,61.0,2,부산,vip,web,electronics
820,249900.0,57.0,3,Seoul,basic,web,beauty
821,9900.0,20.0,1,Seoul,vip,APP,fashion
822,49900.0,,1,대구,vip,APP,food
823,9900.0,33.0,2,부산,VIP,APP,beauty
824,49900.0,50.0,1,Seoul,basic,app,electronics
825,49900.0,56.0,2,대구,gold,APP,food
826,9900.0,60.0,3,Seoul,gold,WEB,beauty
827,49900.0,33.0,2,경기,gold,app,living
828,249900.0,24.0,2,Seoul,basic,app,living
829,249900.0,16.0,3,서울,gold,web,living
830,9900.0,23.0,1,경기,silver,APP,beauty
831,19900.0,18.0,3,경기,vip,web,food
832,19900.0,62.0,1,대구,silver,web,living
833,29900.0,29.0,3,Seoul,gold,APP,beauty
834,9900.0,60.0,2,대구,vip,web,fashion
835,249900.0,45.0,1,부산,basic,WEB,food
836,49900.0,44.0,3,서울,vip,app,fashion
837,249900.0,40.0,1,부산,vip,app,electronics
838,9900.0,60.0,2,경기,basic,APP,living
839,9900.0,17.0,3,Seoul,basic,APP,food
840,249900.0,20.0,3,경기,VIP,app,electronics
841,19900.0,38.0,3,Seoul,silver,WEB,living
842,49900.0,36.0,2,부산,VIP,WEB,beauty
843,249900.0,45.0,2,경기,gold,web,fashion
844,9900.0,55.0,1,경기,silver,APP,food
845,9900.0,47.0,3,Seoul,silver,app,fashion
846,9900.0,29.0,2,Seoul,vip,WEB,beauty
847,9900.0,33.0,3,경기,basic,app,electronics
848,9900.0,56.0,2,경기,gold,app,living
849,249900.0,26.0,3,Seoul,silver,APP,fashion
850,49900.0,42.0,1,경기,basic,WEB,electronics
851,249900.0,44.0,3,Seoul,silver,web,food
852,249900.0,56.0,1,경기,gold,APP,beauty
853,249900.0,54.0,1,서울,vip,app,living
854,19900.0,40.0,2,경기,basic,APP,beauty
855,19900.0,32.0,2,부산,VIP,APP,fashion
856,249900.0,35.0,3,대구,VIP,WEB,electronics
857,19900.0,37.0,2,부산,vip,WEB,beauty
858,9900.0,27.0,1,부산,VIP,APP,fashion
859,49900.0,49.0,1,서울,gold,APP,beauty
860,249900.0,,2,Seoul,VIP,WEB,beauty
861,,50.0,2,부산,vip,web,electronics
862,249900.0,56.0,2,대구,gold,APP,fashion
863,9900.0,67.0,1,경기,basic,WEB,living
864,49900.0,21.0,2,대구,gold,web,fashion
865,249900.0,56.0,2,Seoul,VIP,WEB,fashion
866,,19.0,3,서울,VIP,APP,fashion
867,249900.0,33.0,2,서울,gold,app,beauty
868,249900.0,24.0,3,경기,silver,app,beauty
869,29900.0,23.0,1,부산,vip,app,electronics
870,9900.0,24.0,3,Seoul,basic,WEB,fashion
871,29900.0,17.0,1,부산,basic,WEB,fashion
872,19900.0,60.0,80,부산,gold,WEB,food
873,9900.0,18.0,3,Seoul,VIP,APP,fashion
874,9900.0,36.0,2,Seoul,silver,web,beauty
875,49900.0,999.0,2,부산,gold,WEB,living
876,29900.0,69.0,2,부산,silver,web,fashion
877,29900.0,,3,서울,gold,web,living
878,49900.0,22.0,1,Seoul,basic,web,fashion
879,29900.0,69.0,1,경기,gold,WEB,electronics
880,49900.0,50.0,1,경기,gold,app,food
881,9900.0,24.0,3,서울,silver,web,beauty
882,249900.0,39.0,1,대구,silver,web,living
883,29900.0,65.0,2,Seoul,vip,app,beauty
884,9900.0,36.0,2,Seoul,basic,APP,food
885,,25.0,1,서울,basic,WEB,beauty
886,49900.0,63.0,2,대구,basic,APP,electronics
887,9900.0,67.0,1,Seoul,VIP,APP,fashion
888,9900.0,68.0,1,대구,silver,WEB,living
889,9900.0,67.0,1,경기,basic,WEB,living
890,19900.0,63.0,3,대구,VIP,app,electronics
891,9900.0,39.0,2,서울,basic,WEB,electronics
892,49900.0,25.0,3,서울,silver,APP,living
893,29900.0,48.0,2,대구,basic,WEB,food
894,,27.0,1,대구,vip,web,electronics
895,49900.0,41.0,2,경기,vip,web,electronics
896,49900.0,51.0,3,서울,vip,WEB,fashion
897,29900.0,67.0,2,대구,silver,APP,living
898,9900.0,999.0,1,Seoul,silver,web,fashion
899,9900.0,28.0,1,대구,VIP,WEB,fashion
900,49900.0,55.0,3,대구,VIP,web,fashion
901,9900.0,15.0,2,대구,basic,APP,electronics
902,9900.0,46.0,3,부산,vip,web,beauty
903,19900.0,56.0,2,부산,VIP,web,beauty
904,249900.0,45.0,1,경기,gold,WEB,fashion
905,29900.0,36.0,3,서울,vip,WEB,fashion
906,49900.0,60.0,3,Seoul,basic,web,beauty
907,29900.0,35.0,3,부산,basic,web,living
908,9900.0,54.0,3,대구,basic,APP,living
909,19900.0,40.0,1,경기,basic,web,fashion
910,9900.0,16.0,3,부산,VIP,APP,beauty
911,49900.0,,1,서울,vip,WEB,living
912,9900.0,17.0,3,경기,vip,WEB,beauty
913,19900.0,66.0,1,경기,silver,web,electronics
914,249900.0,48.0,2,대구,VIP,web,living
915,29900.0,35.0,3,Seoul,basic,APP,electronics
916,29900.0,41.0,1,Seoul,VIP,web,beauty
917,29900.0,49.0,1,Seoul,basic,APP,food
918,49900.0,29.0,80,서울,basic,app,beauty
919,19900.0,30.0,1,경기,basic,APP,fashion
920,49900.0,38.0,2,부산,vip,web,fashion
921,249900.0,29.0,3,대구,silver,WEB,beauty
922,29900.0,56.0,2,대구,gold,APP,food
923,29900.0,20.0,2,서울,gold,web,fashion
924,9900.0,60.0,2,Seoul,vip,app,food
925,19900.0,34.0,2,Seoul,silver,web,food
926,249900.0,45.0,2,Seoul,basic,app,electronics
927,29900.0,23.0,2,대구,silver,app,electronics
928,19900.0,36.0,1,서울,silver,web,beauty
929,29900.0,56.0,2,서울,vip,APP,beauty
930,29900.0,29.0,3,대구,vip,APP,beauty
931,29900.0,22.0,3,대구,basic,web,beauty
932,49900.0,43.0,1,Seoul,vip,web,food
933,19900.0,23.0,3,Seoul,basic,web,food
934,49900.0,32.0,3,경기,vip,APP,beauty
935,29900.0,39.0,1,경기,silver,app,food
936,249900.0,46.0,3,대구,silver,web,beauty
937,9900.0,50.0,2,경기,gold,web,electronics
938,9900.0,52.0,2,서울,silver,WEB,food
939,29900.0,61.0,3,경기,vip,app,fashion
940,29900.0,18.0,2,경기,VIP,APP,fashion
941,49900.0,34.0,2,경기,VIP,app,electronics
942,29900.0,15.0,1,경기,gold,web,fashion
943,249900.0,15.0,3,대구,gold,app,living
944,29900.0,,3,대구,gold,web,food
945,9900.0,47.0,1,Seoul,vip,APP,food
946,9900.0,64.0,3,Seoul,gold,app,beauty
947,249900.0,57.0,1,부산,gold,app,fashion
948,9900.0,50.0,2,경기,gold,web,living
949,249900.0,57.0,3,경기,silver,WEB,living
950,19900.0,24.0,1,서울,gold,web,electronics
951,9900.0,61.0,2,Seoul,vip,APP,electronics
952,19900.0,,1,부산,gold,WEB,electronics
953,49900.0,20.0,3,대구,VIP,APP,food
954,29900.0,40.0,2,부산,VIP,APP,electronics
955,49900.0,60.0,2,Seoul,gold,WEB,electronics
956,,41.0,3,서울,VIP,web,beauty
957,29900.0,61.0,2,서울,basic,WEB,fashion
958,49900.0,66.0,3,Seoul,VIP,APP,living
959,249900.0,41.0,1,경기,silver,app,beauty
960,29900.0,18.0,1,대구,gold,app,living
961,9900.0,33.0,3,대구,silver,APP,food
962,,26.0,3,서울,gold,WEB,living
963,249900.0,41.0,2,부산,silver,APP,fashion
964,19900.0,47.0,2,Seoul,vip,web,beauty
965,249900.0,40.0,1,서울,basic,app,fashion
966,29900.0,25.0,3,경기,VIP,APP,beauty
967,49900.0,31.0,3,서울,VIP,app,fashion
968,19900.0,52.0,1,Seoul,gold,WEB,food
969,249900.0,16.0,2,경기,gold,APP,beauty
970,9900.0,26.0,2,Seoul,vip,web,beauty
971,19900.0,64.0,2,경기,basic,APP,food
972,29900.0,20.0,3,경기,vip,web,beauty
973,29900.0,37.0,1,부산,silver,app,fashion
974,29900.0,26.0,1,서울,vip,app,fashion
975,9900.0,20.0,1,서울,silver,WEB,electronics
976,19900.0,38.0,3,경기,vip,WEB,food
977,9900.0,43.0,2,Seoul,vip,app,beauty
978,29900.0,24.0,3,부산,silver,APP,living
979,19900.0,19.0,2,서울,vip,APP,beauty
980,29900.0,22.0,1,경기,gold,APP,food
981,29900.0,50.0,2,대구,silver,APP,electronics
982,49900.0,62.0,1,서울,gold,WEB,food
983,29900.0,24.0,3,Seoul,VIP,WEB,beauty
984,49900.0,32.0,3,대구,basic,WEB,living
985,,33.0,3,경기,VIP,web,beauty
986,49900.0,34.0,2,서울,VIP,app,fashion
987,49900.0,28.0,1,Seoul,gold,app,electronics
988,19900.0,18.0,1,부산,vip,APP,beauty
989,19900.0,43.0,2,대구,silver,APP,fashion
990,49900.0,34.0,2,Seoul,basic,APP,electronics
991,19900.0,33.0,3,경기,gold,app,beauty
992,29900.0,29.0,3,부산,VIP,app,beauty
993,9900.0,66.0,1,서울,silver,app,living
994,29900.0,48.0,1,Seoul,vip,WEB,food
995,29900.0,38.0,2,부산,vip,app,living
996,49900.0,26.0,2,서울,vip,web,electronics
997,29900.0,59.0,1,부산,silver,WEB,living
998,19900.0,63.0,3,경기,silver,web,beauty
999,249900.0,16.0,3,대구,gold,APP,electronics
1000,29900.0,66.0,2,서울,VIP,WEB,fashion
1001,249900.0,53.0,1,대구,VIP,app,beauty
1002,49900.0,20.0,3,Seoul,gold,app,beauty
1003,29900.0,56.0,1,서울,VIP,app,electronics
1004,249900.0,20.0,2,부산,gold,web,fashion
1005,9900.0,17.0,3,경기,silver,web,beauty
1006,249900.0,21.0,3,대구,basic,web,fashion
1007,249900.0,40.0,1,서울,vip,app,fashion
1008,29900.0,49.0,2,서울,vip,APP,food
1009,49900.0,37.0,1,경기,VIP,web,living
1010,29900.0,21.0,1,대구,vip,WEB,food
1011,19900.0,25.0,2,경기,basic,APP,fashion
1012,49900.0,61.0,3,부산,gold,web,electronics
1013,19900.0,67.0,3,대구,vip,WEB,fashion
1014,19900.0,56.0,2,대구,gold,web,fashion
1015,29900.0,20.0,1,경기,gold,APP,fashion
1016,249900.0,60.0,1,부산,VIP,app,fashion
1017,19900.0,53.0,1,경기,vip,APP,living
1018,29900.0,43.0,1,부산,vip,WEB,fashion
1019,9900.0,22.0,1,경기,gold,WEB,living
1020,9900.0,69.0,3,경기,silver,app,electronics
1021,9900.0,39.0,1,경기,gold,APP,beauty
1022,9900.0,17.0,1,부산,VIP,WEB,beauty
1023,249900.0,26.0,2,부산,vip,APP,fashion
1024,249900.0,37.0,1,대구,vip,WEB,electronics
1025,249900.0,18.0,2,부산,basic,app,food
1026,9900.0,32.0,1,서울,VIP,app,beauty
1027,9900.0,40.0,1,경기,silver,APP,living
1028,19900.0,67.0,2,Seoul,VIP,WEB,fashion
1029,29900.0,19.0,3,서울,gold,WEB,fashion
1030,19900.0,46.0,2,서울,VIP,APP,food
1031,29900.0,65.0,2,경기,VIP,APP,food
1032,9900.0,59.0,2,대구,vip,APP,beauty
1033,49900.0,65.0,1,경기,VIP,app,living
1034,19900.0,24.0,1,경기,vip,app,electronics
1035,9900.0,59.0,2,서울,VIP,app,fashion
1036,49900.0,68.0,1,부산,basic,WEB,electronics
1037,249900.0,32.0,3,서울,basic,APP,electronics
1038,9900.0,42.0,2,대구,gold,WEB,fashion
1039,29900.0,44.0,1,대구,VIP,web,living
1040,249900.0,42.0,80,대구,vip,WEB,electronics
1041,49900.0,30.0,1,Seoul,gold,APP,electronics
1042,249900.0,68.0,2,서울,gold,WEB,living
1043,29900.0,67.0,3,Seoul,vip,app,beauty
1044,19900.0,35.0,1,부산,VIP,app,living
1045,49900.0,59.0,2,Seoul,VIP,web,electronics
1046,9900.0,36.0,1,대구,basic,WEB,living
1047,19900.0,58.0,2,서울,gold,APP,electronics
1048,49900.0,47.0,1,서울,silver,WEB,fashion
1049,49900.0,40.0,2,Seoul,vip,web,beauty
1050,9900.0,22.0,2,부산,gold,web,fashion
1051,29900.0,51.0,1,부산,VIP,WEB,beauty
1052,19900.0,32.0,2,Seoul,gold,web,fashion
1053,29900.0,26.0,3,부산,vip,APP,fashion
1054,249900.0,25.0,3,부산,basic,app,electronics
1055,9900.0,69.0,1,경기,VIP,WEB,electronics
1056,249900.0,20.0,2,경기,basic,WEB,beauty
1057,29900.0,58.0,3,서울,silver,WEB,fashion
1058,49900.0,62.0,2,Seoul,VIP,app,electronics
1059,29900.0,16.0,1,경기,VIP,APP,electronics
1060,19900.0,47.0,80,서울,gold,APP,food
1061,49900.0,46.0,1,경기,gold,WEB,food
1062,49900.0,34.0,1,서울,basic,web,food
1063,9900.0,51.0,2,부산,VIP,WEB,living
1064,49900.0,37.0,2,서울,basic,app,living
1065,49900.0,39.0,3,서울,basic,web,food
1066,19900.0,38.0,2,부산,gold,APP,food
1067,249900.0,59.0,3,Seoul,basic,WEB,fashion
1068,49900.0,49.0,2,Seoul,basic,web,electronics
1069,19900.0,35.0,3,Seoul,vip,web,beauty
1070,9900.0,65.0,1,Seoul,vip,WEB,fashion
1071,49900.0,59.0,1,부산,silver,WEB,beauty
1072,19900.0,66.0,3,부산,vip,web,food
1073,49900.0,55.0,3,Seoul,vip,WEB,beauty
1074,29900.0,36.0,3,부산,silver,WEB,living
1075,29900.0,57.0,1,부산,vip,WEB,fashion
1076,9900.0,33.0,1,경기,gold,web,food
1077,49900.0,29.0,3,경기,VIP,APP,electronics
1078,9900.0,39.0,2,대구,basic,WEB,living
1079,29900.0,68.0,1,경기,silver,WEB,living
1080,249900.0,,3,Seoul,silver,APP,fashion
1081,249900.0,36.0,3,경기,silver,web,food
1082,249900.0,40.0,1,대구,VIP,web,beauty
1083,249900.0,31.0,3,부산,vip,app,beauty
1084,29900.0,51.0,3,서울,gold,web,food
1085,19900.0,34.0,2,경기,gold,web,food
1086,249900.0,45.0,2,부산,VIP,web,beauty
1087,249900.0,35.0,1,Seoul,gold,WEB,electronics
1088,249900.0,32.0,3,대구,silver,APP,beauty
1089,,68.0,3,대구,basic,APP,electronics
1090,9900.0,34.0,3,대구,silver,WEB,beauty
1091,29900.0,18.0,3,서울,vip,app,food
1092,29900.0,35.0,1,경기,gold,app,living
1093,249900.0,44.0,2,경기,gold,web,electronics
1094,19900.0,20.0,2,부산,gold,app,beauty
1095,19900.0,31.0,3,대구,VIP,web,living
1096,9900.0,24.0,2,Seoul,VIP,APP,living
1097,249900.0,,2,경기,basic,WEB,living
1098,49900.0,54.0,1,부산,basic,APP,food
1099,9900.0,68.0,3,부산,silver,app,fashion
1100,29900.0,36.0,2,부산,VIP,APP,living
1101,29900.0,62.0,1,Seoul,gold,WEB,living
1102,,26.0,3,대구,VIP,app,beauty
1103,249900.0,57.0,1,서울,vip,app,living
1104,9900.0,45.0,1,경기,gold,APP,electronics
1105,19900.0,56.0,1,부산,silver,web,electronics
1106,9900.0,56.0,2,서울,silver,WEB,electronics
1107,19900.0,44.0,1,경기,basic,app,fashion
1108,249900.0,29.0,3,경기,gold,app,food
1109,249900.0,43.0,2,부산,silver,APP,electronics
1110,9900.0,60.0,1,서울,silver,web,living
1111,49900.0,68.0,1,Seoul,basic,web,electronics
1112,19900.0,66.0,2,Seoul,vip,web,beauty
1113,9900.0,24.0,1,부산,VIP,app,food
1114,19900.0,47.0,3,Seoul,gold,APP,electronics
1115,9900.0,20.0,1,경기,gold,web,fashion
1116,29900.0,51.0,2,부산,VIP,app,electronics
1117,249900.0,69.0,1,부산,gold,WEB,living
1118,29900.0,17.0,1,서울,vip,WEB,fashion
1119,49900.0,51.0,1,대구,gold,web,electronics
1120,29900.0,,1,서울,gold,APP,food
1121,9900.0,61.0,3,서울,gold,web,electronics
1122,9900.0,,3,서울,vip,APP,food
1123,19900.0,20.0,3,Seoul,vip,WEB,fashion
1124,19900.0,65.0,1,대구,gold,WEB,food
1125,249900.0,65.0,3,Seoul,basic,web,living
1126,249900.0,46.0,2,부산,VIP,app,beauty
1127,249900.0,68.0,1,경기,VIP,WEB,electronics
1128,49900.0,15.0,1,서울,basic,WEB,food
1129,29900.0,48.0,2,경기,silver,app,beauty
1130,49900.0,17.0,2,서울,VIP,web,living
1131,29900.0,66.0,1,경기,silver,app,beauty
1132,49900.0,52.0,3,경기,VIP,APP,electronics
1133,49900.0,65.0,3,경기,vip,app,living
1134,49900.0,45.0,2,Seoul,VIP,WEB,fashion
1135,49900.0,19.0,3,부산,basic,WEB,food
1136,9900.0,16.0,3,경기,gold,WEB,beauty
1137,49900.0,33.0,3,Seoul,gold,web,beauty
1138,19900.0,55.0,1,경기,VIP,WEB,beauty
1139,49900.0,23.0,3,서울,silver,WEB,beauty
1140,29900.0,61.0,2,대구,silver,app,electronics
1141,249900.0,28.0,3,부산,basic,APP,beauty
1142,19900.0,42.0,3,Seoul,vip,WEB,beauty
1143,249900.0,26.0,1,부산,VIP,WEB,electronics
1144,249900.0,40.0,2,부산,basic,APP,beauty
1145,19900.0,39.0,1,부산,silver,web,beauty
1146,29900.0,15.0,1,서울,silver,APP,electronics
1147,29900.0,46.0,2,대구,VIP,APP,living
1148,49900.0,999.0,3,대구,gold,web,electronics
1149,49900.0,66.0,3,대구,silver,WEB,electronics
1150,249900.0,999.0,2,대구,silver,web,living
1151,19900.0,63.0,1,대구,gold,WEB,fashion
1152,29900.0,63.0,2,부산,silver,APP,beauty
1153,29900.0,69.0,3,서울,basic,app,beauty
1154,249900.0,35.0,3,경기,VIP,web,electronics
1155,19900.0,61.0,1,Seoul,gold,web,electronics
1156,29900.0,46.0,1,Seoul,silver,APP,food
1157,9900.0,18.0,3,대구,vip,app,food
1158,249900.0,29.0,1,대구,vip,WEB,beauty
1159,19900.0,51.0,1,경기,basic,web,living
1160,19900.0,23.0,1,부산,basic,WEB,fashion
1161,29900.0,38.0,2,서울,basic,WEB,living
1162,29900.0,57.0,2,Seoul,vip,web,food
1163,249900.0,23.0,2,대구,vip,APP,electronics
1164,29900.0,42.0,1,경기,vip,WEB,electronics
1165,29900.0,26.0,3,경기,vip,app,electronics
1166,9900.0,44.0,3,경기,gold,web,electronics
1167,9900.0,28.0,2,Seoul,gold,WEB,beauty
1168,19900.0,68.0,1,대구,vip,app,food
1169,249900.0,19.0,2,부산,silver,web,living
1170,249900.0,67.0,3,부산,VIP,WEB,living
1171,49900.0,58.0,2,Seoul,VIP,APP,food
1172,49900.0,62.0,1,부산,VIP,web,electronics
1173,19900.0,61.0,2,대구,VIP,app,electronics
1174,9900.0,25.0,2,부산,silver,web,fashion
1175,9900.0,66.0,2,경기,basic,WEB,living
1176,19900.0,47.0,2,Seoul,gold,web,electronics
1177,,67.0,1,경기,vip,WEB,fashion
1178,9900.0,63.0,3,Seoul,vip,APP,living
1179,19900.0,46.0,2,부산,silver,APP,living
1180,9900.0,35.0,2,서울,silver,WEB,beauty
1181,49900.0,21.0,2,서울,gold,WEB,living
1182,249900.0,20.0,2,부산,VIP,web,electronics
1183,49900.0,36.0,1,Seoul,basic,web,food
1184,29900.0,59.0,3,경기,silver,web,fashion
1185,29900.0,42.0,1,경기,silver,APP,living
1186,19900.0,41.0,2,경기,VIP,APP,beauty
1187,9900.0,28.0,1,부산,gold,web,electronics
1188,29900.0,46.0,1,Seoul,basic,web,beauty
1189,29900.0,50.0,1,부산,silver,APP,food
1190,9900.0,69.0,3,Seoul,basic,APP,living
1191,29900.0,55.0,2,Seoul,gold,app,food
1192,19900.0,48.0,2,경기,VIP,WEB,electronics
1193,9900.0,65.0,3,대구,gold,WEB,food
1194,49900.0,38.0,1,Seoul,VIP,WEB,fashion
1195,29900.0,66.0,2,경기,vip,app,living
1196,49900.0,35.0,2,서울,VIP,WEB,fashion
1197,49900.0,22.0,2,서울,silver,APP,fashion
1198,249900.0,37.0,1,부산,VIP,APP,living
1199,249900.0,22.0,3,부산,silver,app,living
1200,49900.0,21.0,1,Seoul,gold,WEB,living
1201,249900.0,63.0,3,부산,vip,APP,beauty
1202,29900.0,58.0,3,Seoul,silver,web,electronics
1203,249900.0,27.0,2,Seoul,silver,WEB,living
1204,49900.0,61.0,1,경기,basic,web,beauty
1205,49900.0,18.0,1,Seoul,basic,APP,fashion
1206,249900.0,30.0,3,대구,gold,APP,food
1207,29900.0,53.0,3,경기,VIP,APP,living
1208,49900.0,31.0,3,Seoul,silver,web,fashion
1209,19900.0,55.0,1,경기,gold,app,fashion
1210,249900.0,63.0,2,부산,VIP,WEB,living
1211,49900.0,18.0,1,Seoul,vip,web,beauty
1212,49900.0,16.0,3,대구,basic,APP,electronics
1213,29900.0,66.0,2,경기,gold,WEB,living
1214,249900.0,43.0,3,부산,basic,WEB,food
1215,,42.0,3,대구,silver,APP,living
1216,9900.0,40.0,3,경기,silver,app,beauty
1217,29900.0,38.0,2,서울,vip,APP,electronics
1218,49900.0,52.0,2,부산,basic,app,electronics
1219,249900.0,46.0,2,서울,silver,APP,fashion
1220,29900.0,23.0,1,경기,silver,APP,living
1221,49900.0,49.0,1,대구,silver,APP,beauty
1222,29900.0,51.0,2,경기,vip,web,food
1223,249900.0,21.0,3,부산,silver,WEB,electronics
1224,49900.0,35.0,2,경기,silver,APP,fashion
1225,29900.0,58.0,3,Seoul,gold,WEB,fashion
1226,249900.0,49.0,1,Seoul,vip,APP,fashion
1227,9900.0,22.0,2,경기,basic,WEB,beauty
1228,249900.0,17.0,2,서울,VIP,WEB,living
1229,9900.0,46.0,2,경기,VIP,WEB,food
1230,19900.0,40.0,1,경기,vip,APP,food
1231,249900.0,67.0,1,대구,gold,APP,food
1232,49900.0,43.0,3,서울,vip,web,living
1233,249900.0,66.0,80,대구,gold,app,food
1234,49900.0,,1,경기,silver,app,fashion
1235,49900.0,39.0,1,부산,silver,WEB,living
1236,19900.0,22.0,1,경기,basic,APP,fashion
1237,9900.0,46.0,3,Seoul,VIP,app,living
1238,9900.0,25.0,1,대구,silver,web,food
1239,,42.0,3,Seoul,silver,APP,electronics
1240,9900.0,33.0,1,서울,VIP,app,electronics
1241,29900.0,25.0,2,부산,gold,web,fashion
1242,49900.0,20.0,1,부산,vip,app,fashion
1243,249900.0,43.0,3,대구,silver,WEB,electronics
1244,29900.0,67.0,1,경기,silver,web,beauty
1245,249900.0,25.0,2,서울,vip,app,food
1246,249900.0,37.0,1,서울,gold,APP,electronics
1247,249900.0,27.0,1,경기,basic,web,beauty
1248,29900.0,59.0,1,Seoul,VIP,web,electronics
1249,19900.0,37.0,3,대구,gold,WEB,fashion
1250,249900.0,68.0,2,서울,vip,APP,electronics
1251,19900.0,28.0,2,대구,silver,web,electronics
1252,29900.0,19.0,2,Seoul,gold,web,food
1253,9900.0,47.0,3,서울,vip,app,fashion
1254,49900.0,50.0,2,Seoul,VIP,APP,electronics
1255,49900.0,69.0,2,서울,silver,APP,food
1256,9900.0,62.0,1,경기,vip,web,beauty
1257,19900.0,63.0,1,Seoul,VIP,APP,fashion
1258,29900.0,49.0,1,경기,vip,WEB,living
1259,29900.0,34.0,2,경기,basic,web,electronics
1260,249900.0,38.0,1,서울,basic,web,living
1261,19900.0,22.0,1,서울,silver,WEB,food
1262,249900.0,38.0,1,서울,basic,APP,beauty
1263,29900.0,35.0,1,서울,vip,WEB,living
1264,249900.0,16.0,3,서울,VIP,app,food
1265,19900.0,26.0,2,Seoul,gold,app,fashion
1266,9900.0,44.0,3,경기,gold,web,beauty
1267,9900.0,35.0,2,Seoul,vip,web,beauty
1268,19900.0,69.0,3,Seoul,gold,app,electronics
1269,249900.0,41.0,1,경기,gold,web,beauty
1270,9900.0,67.0,2,경기,gold,WEB,living
1271,19900.0,51.0,80,Seoul,silver,APP,living
1272,9900.0,17.0,2,Seoul,basic,WEB,electronics
1273,249900.0,26.0,3,경기,gold,APP,electronics
1274,49900.0,53.0,1,서울,VIP,app,food
1275,49900.0,44.0,1,경기,basic,APP,beauty
1276,49900.0,31.0,3,대구,silver,web,food
1277,49900.0,43.0,1,Seoul,silver,WEB,living
1278,49900.0,64.0,3,서울,VIP,APP,beauty
1279,9900.0,36.0,3,부산,gold,web,beauty
1280,249900.0,17.0,3,서울,gold,APP,living
1281,49900.0,32.0,2,서울,vip,APP,fashion
1282,49900.0,66.0,3,서울,silver,web,fashion
1283,19900.0,56.0,1,대구,vip,web,food
1284,249900.0,61.0,2,대구,basic,WEB,electronics
1285,,65.0,1,경기,basic,app,electronics
1286,9900.0,21.0,3,부산,VIP,APP,beauty
1287,249900.0,30.0,3,부산,vip,web,fashion
1288,19900.0,18.0,3,부산,basic,APP,living
1289,9900.0,15.0,3,경기,gold,web,beauty
1290,49900.0,60.0,1,대구,basic,app,beauty
1291,19900.0,66.0,1,부산,vip,APP,beauty
1292,249900.0,23.0,3,서울,vip,app,living
1293,29900.0,54.0,2,Seoul,silver,APP,food
1294,9900.0,44.0,1,대구,silver,web,living
1295,249900.0,18.0,3,경기,silver,app,fashion
1296,29900.0,65.0,3,Seoul,silver,WEB,electronics
1297,,62.0,2,대구,silver,app,electronics
1298,49900.0,46.0,80,부산,silver,web,living
1299,29900.0,53.0,1,경기,gold,WEB,fashion
1300,9900.0,36.0,1,경기,VIP,WEB,beauty
1301,49900.0,58.0,1,서울,vip,APP,food
1302,29900.0,39.0,2,Seoul,silver,WEB,fashion
1303,49900.0,69.0,80,경기,VIP,WEB,food
1304,249900.0,18.0,1,대구,silver,APP,food
1305,49900.0,24.0,3,Seoul,VIP,APP,living
1306,49900.0,68.0,3,서울,silver,web,electronics
1307,19900.0,30.0,3,경기,gold,APP,fashion
1308,19900.0,32.0,3,대구,silver,app,beauty
1309,29900.0,58.0,3,경기,vip,WEB,food
1310,249900.0,25.0,2,Seoul,silver,app,food
1311,29900.0,43.0,2,부산,VIP,WEB,beauty
1312,,30.0,3,부산,basic,APP,food
1313,49900.0,25.0,2,Seoul,gold,APP,electronics
1314,,68.0,1,대구,basic,WEB,beauty
1315,249900.0,25.0,3,경기,VIP,app,electronics
1316,19900.0,20.0,1,서울,gold,app,electronics
1317,49900.0,52.0,3,경기,vip,app,beauty
1318,29900.0,62.0,2,대구,VIP,WEB,electronics
1319,29900.0,22.0,3,Seoul,gold,WEB,food
1320,19900.0,53.0,1,경기,basic,web,beauty
1321,9900.0,44.0,2,부산,silver,app,living
1322,19900.0,60.0,2,부산,silver,app,living
1323,29900.0,21.0,2,대구,VIP,APP,electronics
1324,249900.0,68.0,1,서울,VIP,web,living
1325,249900.0,49.0,3,경기,gold,APP,electronics
1326,9900.0,61.0,2,경기,VIP,APP,food
1327,49900.0,34.0,3,서울,silver,web,living
1328,9900.0,66.0,2,부산,vip,web,electronics
1329,49900.0,49.0,1,서울,silver,APP,fashion
1330,,21.0,3,경기,silver,app,fashion
1331,29900.0,65.0,1,Seoul,silver,WEB,beauty
1332,49900.0,58.0,1,서울,gold,WEB,fashion
1333,29900.0,31.0,3,대구,silver,WEB,electronics
1334,249900.0,45.0,3,Seoul,silver,APP,beauty
1335,29900.0,36.0,3,Seoul,silver,WEB,beauty
1336,249900.0,44.0,2,대구,basic,web,fashion
1337,49900.0,68.0,3,대구,VIP,app,beauty
1338,19900.0,64.0,1,서울,silver,web,food
1339,49900.0,26.0,3,Seoul,basic,APP,living
1340,29900.0,68.0,2,부산,gold,APP,beauty
1341,29900.0,39.0,1,부산,VIP,app,fashion
1342,9900.0,53.0,2,대구,silver,app,fashion
1343,9900.0,57.0,2,경기,VIP,APP,living
1344,29900.0,41.0,1,서울,vip,web,fashion
1345,9900.0,40.0,2,대구,vip,APP,fashion
1346,249900.0,40.0,2,서울,silver,APP,living
1347,249900.0,62.0,1,서울,basic,web,living
1348,49900.0,36.0,1,부산,silver,web,food
1349,49900.0,30.0,3,부산,VIP,app,fashion
1350,29900.0,34.0,2,서울,vip,APP,food
1351,9900.0,25.0,2,서울,vip,app,living
1352,19900.0,36.0,2,경기,VIP,app,food
1353,29900.0,21.0,2,Seoul,silver,APP,beauty
1354,249900.0,19.0,2,부산,silver,web,food
1355,19900.0,54.0,2,경기,VIP,APP,fashion
1356,29900.0,19.0,3,경기,gold,web,food
1357,19900.0,46.0,3,경기,silver,web,food
1358,9900.0,57.0,1,Seoul,silver,web,electronics
1359,9900.0,54.0,3,Seoul,VIP,app,living
1360,19900.0,39.0,3,부산,basic,web,electronics
1361,9900.0,25.0,1,경기,basic,WEB,electronics
1362,9900.0,66.0,3,경기,vip,app,fashion
1363,19900.0,60.0,2,경기,basic,WEB,electronics
1364,19900.0,48.0,3,Seoul,basic,WEB,beauty
1365,29900.0,19.0,2,대구,VIP,WEB,electronics
1366,9900.0,16.0,3,경기,gold,WEB,food
1367,19900.0,32.0,1,부산,vip,web,beauty
1368,29900.0,23.0,1,대구,gold,app,fashion
1369,249900.0,62.0,3,대구,basic,APP,beauty
1370,,26.0,2,부산,basic,APP,food
1371,249900.0,30.0,2,부산,vip,web,food
1372,19900.0,68.0,1,경기,basic,APP,living
1373,29900.0,60.0,1,부산,gold,WEB,beauty
1374,29900.0,999.0,3,Seoul,silver,WEB,food
1375,249900.0,36.0,1,부산,silver,app,fashion
1376,249900.0,999.0,2,서울,VIP,web,electronics
1377,249900.0,51.0,1,대구,vip,app,electronics
1378,49900.0,66.0,1,Seoul,vip,app,living
1379,29900.0,62.0,1,부산,silver,app,beauty
1380,29900.0,68.0,3,서울,silver,app,electronics
1381,249900.0,17.0,3,서울,vip,app,fashion
1382,19900.0,27.0,1,대구,basic,web,fashion
1383,19900.0,45.0,2,대구,silver,app,beauty
1384,249900.0,17.0,2,Seoul,vip,app,fashion
1385,19900.0,34.0,2,서울,vip,web,fashion
1386,19900.0,23.0,3,대구,basic,WEB,food
1387,29900.0,66.0,1,대구,vip,APP,food
1388,19900.0,18.0,1,서울,gold,WEB,fashion
1389,249900.0,23.0,2,부산,silver,APP,food
1390,249900.0,25.0,2,Seoul,vip,web,living
1391,19900.0,23.0,1,부산,VIP,WEB,food
1392,29900.0,46.0,3,경기,gold,app,living
1393,249900.0,35.0,1,서울,silver,APP,fashion
1394,49900.0,65.0,1,Seoul,silver,app,electronics
1395,19900.0,29.0,2,경기,gold,app,beauty
1396,29900.0,44.0,2,부산,basic,app,beauty
1397,49900.0,51.0,1,서울,gold,app,fashion
1398,49900.0,49.0,1,대구,basic,APP,fashion
1399,9900.0,58.0,1,부산,basic,APP,beauty
1400,19900.0,26.0,2,대구,gold,web,electronics
1401,249900.0,42.0,2,대구,vip,web,living
1402,19900.0,59.0,1,서울,VIP,WEB,beauty
1403,19900.0,62.0,2,서울,basic,APP,fashion
1404,19900.0,48.0,3,부산,silver,WEB,food
1405,9900.0,50.0,1,서울,gold,APP,living
1406,9900.0,62.0,3,서울,gold,APP,food
1407,19900.0,49.0,1,경기,VIP,WEB,beauty
1408,249900.0,67.0,1,대구,vip,APP,electronics
1409,9900.0,22.0,1,부산,gold,app,beauty
1410,19900.0,34.0,1,경기,basic,APP,food
1411,9900.0,21.0,1,서울,basic,web,fashion
1412,29900.0,19.0,2,Seoul,basic,app,food
1413,19900.0,40.0,2,부산,vip,APP,living
1414,49900.0,27.0,3,서울,silver,web,food
1415,29900.0,37.0,2,경기,silver,APP,beauty
1416,49900.0,39.0,2,서울,vip,APP,living
1417,49900.0,49.0,2,Seoul,VIP,app,food
1418,29900.0,67.0,1,Seoul,gold,web,food
1419,249900.0,61.0,3,부산,VIP,APP,fashion
1420,29900.0,35.0,1,대구,vip,WEB,food
1421,249900.0,32.0,3,서울,vip,APP,living
1422,249900.0,57.0,3,부산,VIP,app,electronics
1423,29900.0,21.0,3,부산,basic,APP,living
1424,49900.0,44.0,2,대구,vip,app,beauty
1425,19900.0,38.0,1,대구,VIP,app,food
1426,249900.0,25.0,3,서울,VIP,app,living
1427,49900.0,48.0,1,부산,gold,web,fashion
1428,249900.0,32.0,2,경기,vip,WEB,living
1429,19900.0,25.0,3,서울,VIP,APP,beauty
1430,49900.0,50.0,3,Seoul,VIP,web,electronics
1431,29900.0,24.0,3,대구,VIP,WEB,electronics
1432,,52.0,1,경기,VIP,web,electronics
1433,9900.0,23.0,3,Seoul,silver,APP,beauty
1434,29900.0,38.0,1,Seoul,vip,web,beauty
1435,19900.0,59.0,2,대구,gold,app,fashion
1436,9900.0,27.0,3,Seoul,VIP,APP,food
1437,29900.0,,2,서울,VIP,WEB,beauty
1438,49900.0,54.0,3,경기,VIP,WEB,beauty
1439,19900.0,64.0,2,대구,gold,WEB,food
1440,249900.0,24.0,1,서울,gold,web,food
1441,49900.0,54.0,1,Seoul,basic,web,electronics
1442,29900.0,,2,경기,vip,WEB,food
1443,249900.0,56.0,3,서울,gold,WEB,beauty
1444,29900.0,25.0,2,부산,gold,app,electronics
1445,9900.0,60.0,3,Seoul,vip,web,living
1446,9900.0,20.0,2,서울,VIP,APP,food
1447,249900.0,47.0,1,Seoul,basic,web,electronics
1448,249900.0,42.0,1,대구,gold,web,food
1449,49900.0,44.0,2,대구,vip,WEB,electronics
1450,9900.0,43.0,3,경기,VIP,app,electronics
1451,19900.0,16.0,3,경기,vip,web,fashion
1452,9900.0,42.0,1,대구,vip,APP,electronics
1453,9900.0,66.0,2,서울,VIP,app,living
1454,19900.0,39.0,3,부산,VIP,APP,food
1455,29900.0,30.0,2,부산,vip,WEB,food
1456,9900.0,,1,부산,silver,web,food
1457,249900.0,20.0,2,Seoul,gold,APP,beauty
1458,29900.0,41.0,1,부산,vip,WEB,food
1459,19900.0,43.0,1,부산,basic,app,food
1460,29900.0,41.0,2,대구,vip,WEB,beauty
1461,49900.0,65.0,1,서울,gold,app,living
1462,,38.0,2,부산,VIP,app,living
1463,9900.0,,2,대구,silver,WEB,food
1464,,18.0,2,Seoul,VIP,APP,living
1465,249900.0,55.0,2,부산,gold,WEB,beauty
1466,9900.0,47.0,1,서울,gold,WEB,electronics
1467,49900.0,28.0,3,부산,vip,APP,beauty
1468,19900.0,27.0,3,부산,gold,web,electronics
1469,49900.0,54.0,3,서울,VIP,app,fashion
1470,9900.0,50.0,3,서울,basic,WEB,fashion
1471,249900.0,48.0,2,부산,vip,APP,electronics
1472,49900.0,17.0,3,Seoul,VIP,app,fashion
1473,29900.0,47.0,2,경기,silver,app,fashion
1474,19900.0,68.0,1,서울,silver,WEB,food
1475,249900.0,15.0,3,대구,gold,web,beauty
1476,19900.0,40.0,1,경기,vip,web,food
1477,29900.0,42.0,3,대구,VIP,WEB,fashion
1478,19900.0,64.0,2,서울,vip,app,electronics
1479,19900.0,30.0,3,Seoul,vip,WEB,fashion
1480,29900.0,41.0,2,부산,gold,APP,electronics
1481,9900.0,54.0,2,부산,vip,WEB,beauty
1482,9900.0,18.0,1,부산,silver,APP,food
1483,19900.0,59.0,3,대구,gold,WEB,living
1484,9900.0,60.0,1,대구,basic,WEB,beauty
1485,29900.0,54.0,2,서울,basic,web,food
1486,249900.0,50.0,2,Seoul,VIP,WEB,beauty
1487,9900.0,56.0,2,대구,VIP,APP,living
1488,9900.0,57.0,1,경기,gold,web,beauty
1489,,64.0,2,대구,basic,web,living
1490,29900.0,38.0,2,경기,basic,app,electronics
1491,,40.0,1,서울,basic,web,living
1492,29900.0,50.0,1,경기,vip,app,fashion
1493,9900.0,25.0,3,대구,silver,WEB,food
1494,19900.0,,1,부산,silver,app,electronics
1495,29900.0,57.0,1,서울,VIP,web,electronics
1496,29900.0,49.0,2,Seoul,VIP,app,beauty
1497,29900.0,999.0,1,대구,vip,web,electronics
1498,49900.0,34.0,2,대구,silver,WEB,food
1499,29900.0,38.0,1,부산,gold,web,fashion
1500,249900.0,51.0,2,서울,silver,WEB,living
